Department_ID,Department_Name,Location_ID
1,Marketing,1
1,Marketing,1
1,Marketing,1
1,Marketing,1
1,Marketing,1
2,Sales,2
2,Sales,2
2,Sales,2
2,Sales,2
2,Sales,2
3,Design,3
3,Design,3
3,Design,3
3,Design,3
3,Design,3
4,Development,4
4,Development,4
4,Development,4
4,Development,4
4,Development,4
5,Analytics,5
5,Analytics,5
5,Analytics,5
5,Analytics,5
6,Social Media,6
6,Social Media,6